Link,Update date,Time,Size,Main link
PMC000XXXXX_json_ascii.tar.gz,2024-03-01,19:23,4.4G,https://ftp.ncbi.nlm.nih.gov/pub/wilbur/BioC-PMC/
PMC000XXXXX_json_unicode.tar.gz,2024-03-01,19:23,4.4G,https://ftp.ncbi.nlm.nih.gov/pub/wilbur/BioC-PMC/
PMC000XXXXX_xml_ascii.tar.gz,2024-03-01,19:23,4.5G,https://ftp.ncbi.nlm.nih.gov/pub/wilbur/BioC-PMC/
PMC000XXXXX_xml_unicode.tar.gz,2024-03-01,19:23,4.5G,https://ftp.ncbi.nlm.nih.gov/pub/wilbur/BioC-PMC/
PMC030XXXXX_json_ascii.tar.gz,2024-03-01,22:59,4.7G,https://ftp.ncbi.nlm.nih.gov/pub/wilbur/BioC-PMC/
PMC030XXXXX_json_unicode.tar.gz,2024-03-01,22:59,4.7G,https://ftp.ncbi.nlm.nih.gov/pub/wilbur/BioC-PMC/
PMC030XXXXX_xml_ascii.tar.gz,2024-03-01,22:59,4.8G,https://ftp.ncbi.nlm.nih.gov/pub/wilbur/BioC-PMC/
PMC030XXXXX_xml_unicode.tar.gz,2024-03-01,22:59,4.8G,https://ftp.ncbi.nlm.nih.gov/pub/wilbur/BioC-PMC/
PMC035XXXXX_json_ascii.tar.gz,2024-03-02,1:50,5.3G,https://ftp.ncbi.nlm.nih.gov/pub/wilbur/BioC-PMC/
PMC035XXXXX_json_unicode.tar.gz,2024-03-02,1:50,5.3G,https://ftp.ncbi.nlm.nih.gov/pub/wilbur/BioC-PMC/
PMC035XXXXX_xml_ascii.tar.gz,2024-03-02,1:50,5.4G,https://ftp.ncbi.nlm.nih.gov/pub/wilbur/BioC-PMC/
PMC035XXXXX_xml_unicode.tar.gz,2024-03-02,1:50,5.5G,https://ftp.ncbi.nlm.nih.gov/pub/wilbur/BioC-PMC/
PMC040XXXXX_json_ascii.tar.gz,2024-03-02,6:02,5.5G,https://ftp.ncbi.nlm.nih.gov/pub/wilbur/BioC-PMC/
PMC040XXXXX_json_unicode.tar.gz,2024-03-02,6:02,5.5G,https://ftp.ncbi.nlm.nih.gov/pub/wilbur/BioC-PMC/
PMC040XXXXX_xml_ascii.tar.gz,2024-03-02,6:02,5.6G,https://ftp.ncbi.nlm.nih.gov/pub/wilbur/BioC-PMC/
PMC040XXXXX_xml_unicode.tar.gz,2024-03-02,6:02,5.7G,https://ftp.ncbi.nlm.nih.gov/pub/wilbur/BioC-PMC/
PMC045XXXXX_json_ascii.tar.gz,2024-03-02,9:33,5.5G,https://ftp.ncbi.nlm.nih.gov/pub/wilbur/BioC-PMC/
PMC045XXXXX_json_unicode.tar.gz,2024-03-02,9:33,5.6G,https://ftp.ncbi.nlm.nih.gov/pub/wilbur/BioC-PMC/
PMC045XXXXX_xml_ascii.tar.gz,2024-03-02,9:33,5.7G,https://ftp.ncbi.nlm.nih.gov/pub/wilbur/BioC-PMC/
PMC045XXXXX_xml_unicode.tar.gz,2024-03-02,9:33,5.7G,https://ftp.ncbi.nlm.nih.gov/pub/wilbur/BioC-PMC/
PMC050XXXXX_json_ascii.tar.gz,2024-03-02,13:05,4.6G,https://ftp.ncbi.nlm.nih.gov/pub/wilbur/BioC-PMC/
PMC050XXXXX_json_unicode.tar.gz,2024-03-02,13:05,4.6G,https://ftp.ncbi.nlm.nih.gov/pub/wilbur/BioC-PMC/
PMC050XXXXX_xml_ascii.tar.gz,2024-03-02,13:05,4.7G,https://ftp.ncbi.nlm.nih.gov/pub/wilbur/BioC-PMC/
PMC050XXXXX_xml_unicode.tar.gz,2024-03-02,13:05,4.7G,https://ftp.ncbi.nlm.nih.gov/pub/wilbur/BioC-PMC/
PMC055XXXXX_json_ascii.tar.gz,2024-03-02,16:52,5.8G,https://ftp.ncbi.nlm.nih.gov/pub/wilbur/BioC-PMC/
PMC055XXXXX_json_unicode.tar.gz,2024-03-02,16:52,5.9G,https://ftp.ncbi.nlm.nih.gov/pub/wilbur/BioC-PMC/
PMC055XXXXX_xml_ascii.tar.gz,2024-03-02,16:52,6.0G,https://ftp.ncbi.nlm.nih.gov/pub/wilbur/BioC-PMC/
PMC055XXXXX_xml_unicode.tar.gz,2024-03-02,16:52,6.0G,https://ftp.ncbi.nlm.nih.gov/pub/wilbur/BioC-PMC/
PMC060XXXXX_json_ascii.tar.gz,2024-03-02,22:13,6.2G,https://ftp.ncbi.nlm.nih.gov/pub/wilbur/BioC-PMC/
PMC060XXXXX_json_unicode.tar.gz,2024-03-02,22:13,6.2G,https://ftp.ncbi.nlm.nih.gov/pub/wilbur/BioC-PMC/
PMC060XXXXX_xml_ascii.tar.gz,2024-03-02,22:13,6.3G,https://ftp.ncbi.nlm.nih.gov/pub/wilbur/BioC-PMC/
PMC060XXXXX_xml_unicode.tar.gz,2024-03-02,22:13,6.4G,https://ftp.ncbi.nlm.nih.gov/pub/wilbur/BioC-PMC/
PMC065XXXXX_json_ascii.tar.gz,2024-03-03,2:31,5.7G,https://ftp.ncbi.nlm.nih.gov/pub/wilbur/BioC-PMC/
PMC065XXXXX_json_unicode.tar.gz,2024-03-03,2:31,5.8G,https://ftp.ncbi.nlm.nih.gov/pub/wilbur/BioC-PMC/
PMC065XXXXX_xml_ascii.tar.gz,2024-03-03,2:31,5.9G,https://ftp.ncbi.nlm.nih.gov/pub/wilbur/BioC-PMC/
PMC065XXXXX_xml_unicode.tar.gz,2024-03-03,2:31,5.9G,https://ftp.ncbi.nlm.nih.gov/pub/wilbur/BioC-PMC/
PMC070XXXXX_json_ascii.tar.gz,2024-03-03,7:55,6.6G,https://ftp.ncbi.nlm.nih.gov/pub/wilbur/BioC-PMC/
PMC070XXXXX_json_unicode.tar.gz,2024-03-03,7:55,6.7G,https://ftp.ncbi.nlm.nih.gov/pub/wilbur/BioC-PMC/
PMC070XXXXX_xml_ascii.tar.gz,2024-03-03,7:55,6.8G,https://ftp.ncbi.nlm.nih.gov/pub/wilbur/BioC-PMC/
PMC070XXXXX_xml_unicode.tar.gz,2024-03-03,7:55,6.8G,https://ftp.ncbi.nlm.nih.gov/pub/wilbur/BioC-PMC/
PMC075XXXXX_json_ascii.tar.gz,2024-03-03,14:41,6.6G,https://ftp.ncbi.nlm.nih.gov/pub/wilbur/BioC-PMC/
PMC075XXXXX_json_unicode.tar.gz,2024-03-03,14:41,6.6G,https://ftp.ncbi.nlm.nih.gov/pub/wilbur/BioC-PMC/
PMC075XXXXX_xml_ascii.tar.gz,2024-03-03,14:41,6.7G,https://ftp.ncbi.nlm.nih.gov/pub/wilbur/BioC-PMC/
PMC075XXXXX_xml_unicode.tar.gz,2024-03-03,14:41,6.8G,https://ftp.ncbi.nlm.nih.gov/pub/wilbur/BioC-PMC/
PMC080XXXXX_json_ascii.tar.gz,2024-03-03,18:43,7.2G,https://ftp.ncbi.nlm.nih.gov/pub/wilbur/BioC-PMC/
PMC080XXXXX_json_unicode.tar.gz,2024-03-03,18:43,7.3G,https://ftp.ncbi.nlm.nih.gov/pub/wilbur/BioC-PMC/
PMC080XXXXX_xml_ascii.tar.gz,2024-03-03,18:43,7.4G,https://ftp.ncbi.nlm.nih.gov/pub/wilbur/BioC-PMC/
PMC080XXXXX_xml_unicode.tar.gz,2024-03-03,18:43,7.4G,https://ftp.ncbi.nlm.nih.gov/pub/wilbur/BioC-PMC/
PMC085XXXXX_json_ascii.tar.gz,2024-03-03,22:39,7.2G,https://ftp.ncbi.nlm.nih.gov/pub/wilbur/BioC-PMC/
PMC085XXXXX_json_unicode.tar.gz,2024-03-03,22:39,7.3G,https://ftp.ncbi.nlm.nih.gov/pub/wilbur/BioC-PMC/
PMC085XXXXX_xml_ascii.tar.gz,2024-03-03,22:39,7.4G,https://ftp.ncbi.nlm.nih.gov/pub/wilbur/BioC-PMC/
PMC085XXXXX_xml_unicode.tar.gz,2024-03-03,22:39,7.5G,https://ftp.ncbi.nlm.nih.gov/pub/wilbur/BioC-PMC/
PMC090XXXXX_json_ascii.tar.gz,2024-03-04,3:01,7.2G,https://ftp.ncbi.nlm.nih.gov/pub/wilbur/BioC-PMC/
PMC090XXXXX_json_unicode.tar.gz,2024-03-04,3:01,7.2G,https://ftp.ncbi.nlm.nih.gov/pub/wilbur/BioC-PMC/
PMC090XXXXX_xml_ascii.tar.gz,2024-03-04,3:01,7.3G,https://ftp.ncbi.nlm.nih.gov/pub/wilbur/BioC-PMC/
PMC090XXXXX_xml_unicode.tar.gz,2024-03-04,3:01,7.4G,https://ftp.ncbi.nlm.nih.gov/pub/wilbur/BioC-PMC/
PMC095XXXXX_json_ascii.tar.gz,2024-03-04,7:01,7.4G,https://ftp.ncbi.nlm.nih.gov/pub/wilbur/BioC-PMC/
PMC095XXXXX_json_unicode.tar.gz,2024-03-04,7:01,7.4G,https://ftp.ncbi.nlm.nih.gov/pub/wilbur/BioC-PMC/
PMC095XXXXX_xml_ascii.tar.gz,2024-03-04,7:01,7.6G,https://ftp.ncbi.nlm.nih.gov/pub/wilbur/BioC-PMC/
PMC095XXXXX_xml_unicode.tar.gz,2024-03-04,7:01,7.6G,https://ftp.ncbi.nlm.nih.gov/pub/wilbur/BioC-PMC/
PMC100XXXXX_json_ascii.tar.gz,2024-03-04,12:26,7.3G,https://ftp.ncbi.nlm.nih.gov/pub/wilbur/BioC-PMC/
PMC100XXXXX_json_unicode.tar.gz,2024-03-04,12:26,7.3G,https://ftp.ncbi.nlm.nih.gov/pub/wilbur/BioC-PMC/
PMC100XXXXX_xml_ascii.tar.gz,2024-03-04,12:26,7.4G,https://ftp.ncbi.nlm.nih.gov/pub/wilbur/BioC-PMC/
PMC100XXXXX_xml_unicode.tar.gz,2024-03-04,12:26,7.5G,https://ftp.ncbi.nlm.nih.gov/pub/wilbur/BioC-PMC/
PMC105XXXXX_json_ascii.tar.gz,2024-03-04,15:18,5.0G,https://ftp.ncbi.nlm.nih.gov/pub/wilbur/BioC-PMC/
PMC105XXXXX_json_unicode.tar.gz,2024-03-04,15:18,5.1G,https://ftp.ncbi.nlm.nih.gov/pub/wilbur/BioC-PMC/
PMC105XXXXX_xml_ascii.tar.gz,2024-03-04,15:18,5.1G,https://ftp.ncbi.nlm.nih.gov/pub/wilbur/BioC-PMC/
PMC105XXXXX_xml_unicode.tar.gz,2024-03-04,15:18,5.2G,https://ftp.ncbi.nlm.nih.gov/pub/wilbur/BioC-PMC/